<Context>
    <WatchedResource>WEB-INF/web.xml</WatchedResource>
    <WatchedResource>WEB-INF/tomcat-web.xml</WatchedResource>
    <WatchedResource>${catalina.base}/conf/web.xml</WatchedResource>

    <Resource name="jdbc/users"
              auth="Container"
              type="javax.sql.DataSource"
              username="root"
              password="1234"
              driverClassName="com.mysql.cj.jdbc.Driver"
              url="jdbc:mysql://localhost:3306/users"
              />
    <Resource name="jdbc/users"
              auth="Container"
              type="javax.sql.DataSource"
              username="root"
              password="1234"
              driverClassName="com.mysql.cj.jdbc.Driver"
              url="jdbc:mysql://localhost:3306/games"
    />
</Context>